probe_kind,basis,n,TQ_E_model_to_operator_mean,TQ_E_model_to_operator_std,TQ_E_operator_to_T_mean,TQ_E_operator_to_T_std,TQ_X_sub_mean,TQ_X_sub_std,TQ_X_use_mean,TQ_X_use_std,actLR_E_model_to_operator_mean,actLR_E_model_to_operator_std,actLR_E_operator_to_T_mean,actLR_E_operator_to_T_std,actLR_KRR_cost_mean,actLR_KRR_cost_std,actLR_X_sub_mean,actLR_X_sub_std,actLR_X_use_mean,actLR_X_use_std,actLR_model_fit_gain_mean,actLR_model_fit_gain_std,rank_mean,rank_std
isotropic,raw,4,0.29151294482672596,0.0749418152686321,0.05253808452207168,0.014345463731974251,0.9970854054274931,0.0013782683126057332,0.9206683924025705,0.041694117043194694,0.20073687316996605,0.05914570881413254,0.2687432040937418,0.058709449561872386,0.21620511957167016,0.06435844333834743,0.9251919906526771,0.03103199539691741,0.9619030372107145,0.019130761222856174,0.09077607165675991,0.07234166759393568,8.5,1.0
isotropic,response,4,0.31930906685384425,0.06961029757357196,0.12784734310682178,0.039408927776669454,0.98249025916918,0.011514352915425692,0.9061658844952569,0.04014460784000454,0.24183151144625556,0.04923608822929479,0.29288680643763354,0.07184198778379573,0.16503946333081182,0.09991642937580573,0.9103463652083864,0.04645018946908053,0.946388263527024,0.02169990288711714,0.07747755540758872,0.023189190350051483,9.0,0.0
label,raw,4,0.011943101625947855,0.006277088963334538,0.001479736541512052,0.0005712473052331966,0.999997565637155,1.7282407356745964e-06,0.999829287615952,0.00014887175617596277,0.007258733286330754,0.00233616655044769,0.012015013741052044,0.005436164709752905,0.010535277199539991,0.005540478717025149,0.9998334755297389,0.00012980467113881726,0.999943534716242,3.1906372121076096e-05,0.004684368339617103,0.004469237833227537,8.5,1.0
label,response,4,0.012385792490882624,0.00630311229509901,0.0036707341453945603,0.0006444569296125371,0.9999862142172833,5.052922712440274e-06,0.9998183232714697,0.0001545714475646732,0.011691005379902522,0.004624214117393409,0.01644938877225789,0.006985196482010083,0.01277865462686333,0.006496080720270472,0.9996928228816004,0.00022979162530830402,0.9998478523235655,0.00012438681308439282,0.0006947871109801037,0.004170609773073235,9.0,0.0
