probe_kind,eps,n,additivity_defect_mean,additivity_defect_std,eps_mean,eps_std
isotropic,0.001,4,0.0034905776110964676,0.0018551531760547123,0.001,0.0
isotropic,0.01,4,0.00293350171784667,0.0013733595762104936,0.01,0.0
label,0.001,4,0.00044327755889389054,0.00032259549517205143,0.001,0.0
label,0.01,4,0.00035217310551826817,0.0002156668674059143,0.01,0.0
