model_key,n,krr_pred_norm_mean,krr_pred_norm_std,model_pred_norm_mean,model_pred_norm_std,mse_krr_true_mean,mse_krr_true_std,mse_model_krr_mean,mse_model_krr_std,mse_model_true_mean,mse_model_true_std,ratio_model_krr_mean,ratio_model_krr_std,rel_model_krr_norm_mean,rel_model_krr_norm_std,rel_model_true_norm_mean,rel_model_true_norm_std
standard,4,6.858175378506616,2.9706947360595004,6.807495326626448,2.979944523403405,0.014799744428029483,0.01316949494741738,0.0020716365266264755,0.002618300864289026,0.01609541357990222,0.015761502785913144,1.1876575189805074,0.4977483415931537,0.010451135401294463,0.008485950681648823,0.03266042802008872,0.014324478950461062
