checkpoint,probe_kind,n,B_nat_mean,B_nat_std,E_F_T_mean,E_F_T_std,E_F_TQ_mean,E_F_TQ_std,E_TQ_T_mean,E_TQ_T_std,E_pointwise_F_T_mean,E_pointwise_F_T_std,X_sub_mean,X_sub_std,X_use_mean,X_use_std,d_model_mean,d_model_std,d_x_mean,d_x_std,dim_R_nat_mean,dim_R_nat_std,dim_over_nctx_mean,dim_over_nctx_std,max_closure_mean,max_closure_std,max_refinement_mean,max_refinement_std,mean_closure_mean,mean_closure_std,mean_refinement_mean,mean_refinement_std,mse_krr_mean,mse_krr_std,mse_model_mean,mse_model_std,mse_ratio_mean,mse_ratio_std,n_heads_mean,n_heads_std,n_layers_mean,n_layers_std,r_eff_T_task_mean,r_eff_T_task_std,smax_mean,smax_std,sweep_val_mean,sweep_val_std,tau_sv_mean,tau_sv_std
dx40,task,16,89.8125,0.75,0.11609953738886672,0.053611438154925826,0.23944449125145845,0.1460404254068676,0.15405729585848238,0.20327235934263344,0.13128305707768534,0.09112281115410326,0.9375291757747213,0.09608290592436632,0.9207549298434974,0.08751942599119773,128.0,0.0,40.0,0.0,31.6875,19.196245292591293,0.6742021276595744,0.4084307509061977,0.5196512974575407,0.12842723219776797,0.9999741191069387,7.93242688738226e-05,0.1565938512811273,0.040432180366663545,0.8661368706046563,0.010965808682056816,0.10261958680825878,0.08135193115239606,0.12363597269216847,0.13312279073971428,1.122326972075954,0.3008380827630544,4.0,0.0,8.0,0.0,15.8125,0.5439056290693574,2.0,0.0,40.0,0.0,0.001,0.0
