n,mse_ratio_mean,mse_ratio_median,mse_ratio_q25,mse_ratio_q75,mse_ratio_q90,mse_ratio_q99,mse_ratio_min,mse_ratio_max,r_T_mean,r_T_median,r_T_q25,r_T_q75,r_T_q90,r_T_q99,r_T_min,r_T_max,rank_Q_mean,rank_Q_median,rank_Q_q25,rank_Q_q75,rank_Q_q90,rank_Q_q99,rank_Q_min,rank_Q_max,rho_TQ_mean,rho_TQ_median,rho_TQ_q25,rho_TQ_q75,rho_TQ_q90,rho_TQ_q99,rho_TQ_min,rho_TQ_max,base_krr_mse_mean,base_krr_mse_median,base_krr_mse_q25,base_krr_mse_q75,base_krr_mse_q90,base_krr_mse_q99,base_krr_mse_min,base_krr_mse_max,certified,cert_fraction
480,1.6379733946809807,1.2363990937513698,0.999624968460592,1.7874643610975025,2.799829349423361,5.686291142919971,0.2278759342958098,30.959026846303047,7.4375,8.0,8.0,8.0,8.0,8.0,0.0,8.0,10.020833333333334,8.0,8.0,8.0,17.0,40.62999999999994,0.0,55.0,0.05178058775812445,8.825303638576204e-25,1.303319447009571e-26,0.038231586493640037,0.1974429715928186,0.502996359790361,3.3150264816657454e-29,0.8722793945758627,0.10292997570365096,0.06249632021416088,0.03362856754785577,0.12651518893495628,0.23788512606037926,0.535296361889781,0.00631465786976717,0.9277829061653033,395,0.8229166666666666
