episode,bank_index,scale_bin,log10_lambda1,tau_actual,n_ctx,n_tgt,r_T,rank_Q,rho_TQ,reach_alpha,krr_mse,base_mse_ratio,label_keep_mse_ratio,label_perp_mse_ratio,label_keep_krr_ratio,label_perp_krr_ratio
6,6,"[1,2]",1.4765381813049316,1.3532918691635132,16,8,2,2,0.04136002798542258,1.0,0.025085983100474375,30.959026846303047,5.209261969705789,16934.528452385814,1.0467958425123847,16172.264710835942
15,15,"[1,2]",1.4765381813049316,1.3532918691635132,16,8,3,3,0.0344322573461742,1.0,0.039293624938709054,8.991375565574822,1.477555818106584,17.795957459662205,1.0204587216362315,22.306210259392618
244,244,"[1,2]",1.2086052894592285,15.498382568359375,124,8,8,30,0.1640989660342451,0.0,0.009029806021994264,6.6078522256970995,7.11001309322507,5659.258702135605,2.150277185239955,5645.189519691545
188,188,"[1,2]",1.2225699424743652,15.525066375732422,186,8,8,13,0.3480792156793641,0.0,0.00631465786976717,6.57476284683778,7.226366210926289,7284.546538127189,3.0620454912858617,7126.555004918014
415,415,"[1,2]",1.9630191326141357,4.9867353439331055,40,8,8,10,0.49541742579738995,0.0,0.09106320032820563,5.780184655598732,4.188999373344784,13.03422762024014,1.4484974232264631,12.243414222504349
129,129,"[0,1)",0.5897736549377441,14.686845779418945,117,8,8,8,0.0346944351251958,1.0,0.035987403885559176,5.661332107904101,2.2613858364074795,879.2974285841417,1.1679128789910869,875.5560308058278
159,159,"[0,1)",0.7594232559204102,15.241741180419922,183,8,8,12,0.05788301824346188,0.0,0.008447095871025828,5.155343030499021,2.601889769448166,1032.734677615564,2.3471753990430804,1083.3790987934462
