scale_bin,n,reach,r_T_mean,r_T_median,rank_Q_mean,rank_Q_median,rho_TQ_mean,rho_TQ_median,base_mean,base_median,label_keep_mean,label_keep_median,label_perp_mean,label_perp_median
"[-2,-1)",112,1.0,6.419642857142857,7.0,6.419642857142857,7.0,0.016699411711056107,0.013177653594086795,1.1029659518574808,1.06536956197112,1.0834651686641836,1.0557037233028668,5.599797735944039,2.9002729871680764
"[-1,0)",176,1.0,7.994318181818182,8.0,7.994318181818182,8.0,0.0004382754872009674,2.2299121055246676e-26,1.3109329418307392,1.164982856584974,1.0648440463840712,1.027256096426632,84.88315739461756,39.94315871862409
"[0,1)",96,0.90625,8.0,8.0,10.28125,8.0,0.017245060711202954,0.0003031987317551884,1.7605601933710073,1.5340601243032048,1.2643478652272897,1.1537485701825898,297.5137157703059,156.21449973145548
"[1,2]",96,0.20833333333333334,7.041666666666667,8.0,17.677083333333332,15.0,0.2213717260233187,0.19746862339431248,2.739136109510481,2.1280537669521804,2.07828003504704,1.593699903147688,1715.25399232202,828.4639090999874
