episode,r_eff_T_task,r_eff_T_task_strict,rank_tau_task,krr_risk_total,krr_signal_total,E_F_T,F_T_excess_over_krr_risk
0,2,1,0.0069271920459528435,0.39827663077205067,414.9926194577255,0.07633533827424845,7.035553344310224
1,3,3,0.010542115865501234,0.31460461761273106,141.54010935181284,0.039086746368900596,0.9906752261422729
2,8,8,0.005644225336253876,0.19704837857698365,309.2674276712564,0.04207802124392817,2.145405646560136
3,8,8,0.004349546406644479,0.15949125084842564,421.5207233182021,0.0355735018567701,3.2344835197404245
4,8,8,0.00948325562655636,1.352751965909035,752.0959730547496,0.035993222885364454,0.8065597123934289
5,8,8,0.008992255949255014,0.34232588840535705,211.67639401516197,0.03115964691654441,0.6965455611943339
6,8,8,0.011884966738911661,0.20763825551665693,73.49900071479767,0.0488547905014011,0.6122158756793057
