episode,bank_index,bank_batch_index,bank_batch_member,bank_batch_size,sampling_mode,profile,tau_actual,log10_lambda1,lambda1,gamma,n_ctx,n_tgt
0,6,0,6,16,train_distribution,minimal_step,1.3532918691635132,1.4765381813049316,29.959749740978506,12,16,8
1,15,0,15,16,train_distribution,minimal_step,1.3532918691635132,1.4765381813049316,29.959749740978506,12,16,8
2,244,15,4,16,train_distribution,minimal_smooth,15.498382568359375,1.2086052894592285,16.166101062241438,8,124,8
3,188,11,12,16,train_distribution,minimal_smooth,15.525066375732422,1.2225699424743652,16.694366458281685,12,186,8
4,415,25,15,16,train_distribution,minimal_step,4.9867353439331055,1.9630191326141357,91.83730540324916,8,40,8
5,129,8,1,16,train_distribution,minimal_step,14.686845779418945,0.5897736549377441,3.8884243575407167,8,117,8
6,159,9,15,16,train_distribution,minimal_step,15.241741180419922,0.7594232559204102,5.746762589608366,12,183,8
