checkpoint,probe_kind,n,B_nat_mean,B_nat_std,E_F_T_mean,E_F_T_std,E_F_TQ_mean,E_F_TQ_std,E_TQ_T_mean,E_TQ_T_std,E_pointwise_F_T_mean,E_pointwise_F_T_std,X_sub_mean,X_sub_std,X_use_mean,X_use_std,d_model_mean,d_model_std,d_x_mean,d_x_std,dim_R_nat_mean,dim_R_nat_std,dim_over_nctx_mean,dim_over_nctx_std,max_closure_mean,max_closure_std,max_refinement_mean,max_refinement_std,mean_closure_mean,mean_closure_std,mean_refinement_mean,mean_refinement_std,mse_krr_mean,mse_krr_std,mse_model_mean,mse_model_std,mse_ratio_mean,mse_ratio_std,n_heads_mean,n_heads_std,n_layers_mean,n_layers_std,r_eff_T_task_mean,r_eff_T_task_std,smax_mean,smax_std,sweep_val_mean,sweep_val_std,tau_sv_mean,tau_sv_std
dx40,task,16,45.0,0.0,0.11609953738886672,0.053611438154925826,0.3179216420946849,0.1829974207156293,0.2823287166551399,0.20626066939178628,0.13128305707768534,0.09112281115410326,0.8804059984977747,0.14572371158228997,0.8645347479995072,0.13806957606736736,128.0,0.0,40.0,0.0,24.375,15.26597523907333,0.5186170212765957,0.32480798381007087,0.6845823024425697,0.14175368397068985,0.998493331939849,0.001011950950198531,0.3258867393773789,0.05631607848666228,0.8197205070440473,0.02728447360641466,0.10261958680825878,0.08135193115239606,0.12363597269216847,0.13312279073971428,1.122326972075954,0.3008380827630544,4.0,0.0,8.0,0.0,15.8125,0.5439056290693574,1.0,0.0,40.0,0.0,0.001,0.0
