probe_kind,eps,n,additivity_defect_mean,additivity_defect_std,eps_mean,eps_std
isotropic,0.001,4,0.003912352826214651,0.002204952558480476,0.001,0.0
isotropic,0.01,4,0.002840623084167697,0.0013963407896441715,0.01,0.0
label,0.001,4,0.00039615745517127037,0.000284524383824112,0.001,0.0
label,0.01,4,0.00034334862011211286,0.00021800966965640928,0.01,0.0
