episode,probe_kind,eps,additivity_defect
0,isotropic,0.001,0.0007113563391974802
0,isotropic,0.01,0.005944691079914973
0,label,0.001,0.0005962041327964932
0,label,0.01,0.0015755384816568783
