episode,probe_kind,basis,rank,TQ_E_model_to_operator,actLR_E_model_to_operator,actLR_model_fit_gain,TQ_E_operator_to_T,actLR_E_operator_to_T,actLR_KRR_cost,TQ_X_use,actLR_X_use,TQ_X_sub,actLR_X_sub
0,isotropic,raw,9,0.993868013109522,1.4027614208143941,-0.40889340770487215,0.9722913020763306,1.3255992819757711,0.3533079798994405,0.0967705796021523,-0.7993194516610262,0.05464962390858519,-0.757213456371201
0,isotropic,response,9,1.0248533817052397,1.0543880666363308,-0.029534684931091126,0.9798142720994721,0.9874755624030129,0.007661290303540791,0.03957352027348937,-0.016580119884950673,0.03996399219208224,0.024892013658783685
0,label,raw,9,0.3161903720805437,0.6122558976120637,-0.29606552553152,0.314340635044633,0.5946049116900274,0.2802642766453944,0.9059276679948561,0.6472795976491769,0.9011899651599338,0.6464449989947991
0,label,response,9,0.3405608273783447,0.4520875841936228,-0.11152675681527813,0.33678071965488043,0.4364016471658812,0.09962092751100077,0.8908675233045995,0.8076864933310904,0.8865787468689668,0.8095536023512852
