episode,probe_kind,eps,additivity_defect
0,isotropic,0.001,0.0016106059186337541
0,isotropic,0.01,0.006012909815907245
0,label,0.001,0.001195436112041443
0,label,0.01,0.0022749864270464313
